--
-- PostgreSQL database dump
--

-- Dumped from database version 14.2 (Debian 14.2-1.pgdg110+1)
-- Dumped by pg_dump version 14.2 (Debian 14.2-1.pgdg110+1)

SET statement_timeout = 0;
SET lock_timeout = 0;
SET idle_in_transaction_session_timeout = 0;
SET client_encoding = 'UTF8';
SET standard_conforming_strings = on;
SELECT pg_catalog.set_config('search_path', '', false);
SET check_function_bodies = false;
SET xmloption = content;
SET client_min_messages = warning;
SET row_security = off;

SET default_tablespace = '';

SET default_table_access_method = heap;

--
-- Name: genres; Type: TABLE; Schema: public; Owner: postgres
--

CREATE TABLE public.genres (
    id integer NOT NULL,
    genre character varying(255),
    created_at timestamp without time zone,
    updated_at timestamp without time zone
);


ALTER TABLE public.genres OWNER TO postgres;

--
-- Name: genres_id_seq; Type: SEQUENCE; Schema: public; Owner: postgres
--

ALTER TABLE public.genres ALTER COLUMN id ADD GENERATED ALWAYS AS IDENTITY (
    SEQUENCE NAME public.genres_id_seq
    START WITH 1
    INCREMENT BY 1
    NO MINVALUE
    NO MAXVALUE
    CACHE 1
);


--
-- Name: movies; Type: TABLE; Schema: public; Owner: postgres
--

CREATE TABLE public.movies (
    id integer NOT NULL,
    title character varying(512),
    release_date date,
    runtime integer,
    mpaa_rating character varying(10),
    description text,
    image character varying(255),
    created_at timestamp without time zone,
    updated_at timestamp without time zone
);


ALTER TABLE public.movies OWNER TO postgres;

--
-- Name: movies_genres; Type: TABLE; Schema: public; Owner: postgres
--

CREATE TABLE public.movies_genres (
    id integer NOT NULL,
    movie_id integer,
    genre_id integer
);


ALTER TABLE public.movies_genres OWNER TO postgres;

--
-- Name: movies_genres_id_seq; Type: SEQUENCE; Schema: public; Owner: postgres
--

ALTER TABLE public.movies_genres ALTER COLUMN id ADD GENERATED ALWAYS AS IDENTITY (
    SEQUENCE NAME public.movies_genres_id_seq
    START WITH 1
    INCREMENT BY 1
    NO MINVALUE
    NO MAXVALUE
    CACHE 1
);


--
-- Name: movies_id_seq; Type: SEQUENCE; Schema: public; Owner: postgres
--

ALTER TABLE public.movies ALTER COLUMN id ADD GENERATED ALWAYS AS IDENTITY (
    SEQUENCE NAME public.movies_id_seq
    START WITH 1
    INCREMENT BY 1
    NO MINVALUE
    NO MAXVALUE
    CACHE 1
);


--
-- Name: users; Type: TABLE; Schema: public; Owner: postgres
--

CREATE TABLE public.users (
    id integer NOT NULL,
    first_name character varying(255),
    last_name character varying(255),
    email character varying(255),
    password character varying(255),
    created_at timestamp without time zone,
    updated_at timestamp without time zone
);


ALTER TABLE public.users OWNER TO postgres;

--
-- Name: users_id_seq; Type: SEQUENCE; Schema: public; Owner: postgres
--

ALTER TABLE public.users ALTER COLUMN id ADD GENERATED ALWAYS AS IDENTITY (
    SEQUENCE NAME public.users_id_seq
    START WITH 1
    INCREMENT BY 1
    NO MINVALUE
    NO MAXVALUE
    CACHE 1
);


--
-- Data for Name: genres; Type: TABLE DATA; Schema: public; Owner: postgres
--

COPY public.genres (id, genre, created_at, updated_at) FROM stdin;
1	Comedy	2022-09-23 00:00:00	2022-09-23 00:00:00
2	Sci-Fi	2022-09-23 00:00:00	2022-09-23 00:00:00
3	Horror	2022-09-23 00:00:00	2022-09-23 00:00:00
4	Romance	2022-09-23 00:00:00	2022-09-23 00:00:00
5	Action	2022-09-23 00:00:00	2022-09-23 00:00:00
6	Thriller	2022-09-23 00:00:00	2022-09-23 00:00:00
7	Drama	2022-09-23 00:00:00	2022-09-23 00:00:00
8	Mystery	2022-09-23 00:00:00	2022-09-23 00:00:00
9	Crime	2022-09-23 00:00:00	2022-09-23 00:00:00
10	Animation	2022-09-23 00:00:00	2022-09-23 00:00:00
11	Adventure	2022-09-23 00:00:00	2022-09-23 00:00:00
12	Fantasy	2022-09-23 00:00:00	2022-09-23 00:00:00
13	Superhero	2022-09-23 00:00:00	2022-09-23 00:00:00
\.


--
-- Data for Name: movies; Type: TABLE DATA; Schema: public; Owner: postgres
--

COPY public.movies (id, title, release_date, runtime, mpaa_rating, description, image, created_at, updated_at) FROM stdin;
1	Highlander	1986-03-07	116	R	He fought his first battle on the Scottish Highlands in 1536. He will fight his greatest battle on the streets of New York City in 1986. His name is Connor MacLeod. He is immortal.	https://upload.wikimedia.org/wikipedia/en/b/b2/Highlander_film_Connor_MacLeod.jpg	2022-09-23 00:00:00	2022-09-23 00:00:00
2	Raiders of the Lost Ark	1981-06-12	115	PG-13	Archaeology professor Indiana Jones ventures to seize a biblical artefact known as the Ark of the Covenant. While doing so, he puts up a fight against Renee and a troop of Nazis.	https://upload.wikimedia.org/wikipedia/en/a/a6/Raiders_of_the_Lost_Ark_Theatrical_Poster.jpg	2022-09-23 00:00:00	2022-09-23 00:00:00
6	Spirited Away	2001-07-20	125	PG13	Spirited Away (千と千尋の神隠し Sen to Chihiro no Kamikakushi) adalah film fantasi animasi Jepang 2001 yang ditulis dan disutradarai oleh Hayao Miyazaki, dianimasikan oleh Studio Ghibli untuk Tokuma Shoten, Nippon Television Network, Dentsu, Buena Vista Home Entertainment, Tohokushinsha Film, dan Mitsubishi.[7] Pengisi suara film ini antara lain: Rumi Hiiragi, Miyu Irino, Mari Natsuki, Takeshi Naito, Yasuko Sawaguchi, Tsunehiko Kamijō, Takehiko Ono, dan Bunta Sugawara.	https://encrypted-tbn2.gstatic.com/images?q=tbn:ANd9GcTqTEoJUOlTg4HakvM3SHU0a7a3gFpAQ1HrBL21fBAr1OYOeocP	2023-04-28 21:27:16.394499	2023-04-28 21:27:16.3945
3	The Godfather	1972-03-24	175	18A	The aging patriarch of an organized crime dynasty in postwar New York City transfers control of his clandestine empire to his reluctant youngest son.	https://upload.wikimedia.org/wikipedia/en/1/1c/Godfather_ver1.jpg	2022-09-23 00:00:00	2022-09-23 00:00:00
5	Star Wars Episode IV: A New Hope	1977-05-25	121	PG13	Star Wars, di beri judul ulang dengan nama Star Wars Episode IV: A New Hope,[4] adalah film epik opera luar angkasa Amerika[5] yang ditulis dan disutradarai George Lucas. Film ini merupakan film pertama seri Star Wars. Film ini dibintangi Mark Hamill, Harrison Ford, Carrie Fisher, Peter Cushing dan Sir Alec Guinness. Dalam film ini, sekelompok pemberontak bernama Rebel Alliance berencana menghancurkan stasiun luar angkasa Death Star, sebuah senjata yang dibuat Galactic Empire yang jahat. Konflik ini mengubah kehidupan seorang anak tani Luke Skywalker ketika dia secara tidak sengaja mendapat droid yang membawa rancangan Death Star yang dicuri. Setelah Empire melakukan pencarian droid yang kejam, Skywalker memutuskan untuk menemani Jedi Master Obi-Wan Kenobi dalam misi menyelamatkan pemilik droid, pemimpin pemberontak Princess Leia, dan menyelamatkan galaksi.	https://upload.wikimedia.org/wikipedia/id/8/87/StarWarsMoviePoster1977.jpg	2023-04-27 11:08:53.280242	2023-04-27 11:08:53.280243
\.


--
-- Data for Name: movies_genres; Type: TABLE DATA; Schema: public; Owner: postgres
--

COPY public.movies_genres (id, movie_id, genre_id) FROM stdin;
220	6	5
221	6	11
222	6	1
223	6	7
224	6	8
225	6	4
180	1	5
181	1	12
182	2	5
183	2	11
236	5	5
237	5	7
238	5	3
188	3	9
189	3	7
\.


--
-- Data for Name: users; Type: TABLE DATA; Schema: public; Owner: postgres
--

COPY public.users (id, first_name, last_name, email, password, created_at, updated_at) FROM stdin;
1	Admin	User	admin@example.com	$2a$14$wVsaPvJnJJsomWArouWCtusem6S/.Gauq/GjOIEHpyh2DAMmso1wy	2022-09-23 00:00:00	2022-09-23 00:00:00
\.


--
-- Name: genres_id_seq; Type: SEQUENCE SET; Schema: public; Owner: postgres
--

SELECT pg_catalog.setval('public.genres_id_seq', 13, true);


--
-- Name: movies_genres_id_seq; Type: SEQUENCE SET; Schema: public; Owner: postgres
--

SELECT pg_catalog.setval('public.movies_genres_id_seq', 238, true);


--
-- Name: movies_id_seq; Type: SEQUENCE SET; Schema: public; Owner: postgres
--

SELECT pg_catalog.setval('public.movies_id_seq', 11, true);


--
-- Name: users_id_seq; Type: SEQUENCE SET; Schema: public; Owner: postgres
--

SELECT pg_catalog.setval('public.users_id_seq', 1, true);


--
-- Name: genres genres_pkey; Type: CONSTRAINT; Schema: public; Owner: postgres
--

ALTER TABLE ONLY public.genres
    ADD CONSTRAINT genres_pkey PRIMARY KEY (id);


--
-- Name: movies_genres movies_genres_pkey; Type: CONSTRAINT; Schema: public; Owner: postgres
--

ALTER TABLE ONLY public.movies_genres
    ADD CONSTRAINT movies_genres_pkey PRIMARY KEY (id);


--
-- Name: movies movies_pkey; Type: CONSTRAINT; Schema: public; Owner: postgres
--

ALTER TABLE ONLY public.movies
    ADD CONSTRAINT movies_pkey PRIMARY KEY (id);


--
-- Name: users users_pkey; Type: CONSTRAINT; Schema: public; Owner: postgres
--

ALTER TABLE ONLY public.users
    ADD CONSTRAINT users_pkey PRIMARY KEY (id);


--
-- Name: movies_genres movies_genres_genre_id_fkey; Type: FK CONSTRAINT; Schema: public; Owner: postgres
--

ALTER TABLE ONLY public.movies_genres
    ADD CONSTRAINT movies_genres_genre_id_fkey FOREIGN KEY (genre_id) REFERENCES public.genres(id) ON UPDATE CASCADE ON DELETE CASCADE;


--
-- Name: movies_genres movies_genres_movie_id_fkey; Type: FK CONSTRAINT; Schema: public; Owner: postgres
--

ALTER TABLE ONLY public.movies_genres
    ADD CONSTRAINT movies_genres_movie_id_fkey FOREIGN KEY (movie_id) REFERENCES public.movies(id) ON UPDATE CASCADE ON DELETE CASCADE;


--
-- PostgreSQL database dump complete
--


